Food Group,count,mean,median,std,min,max
Cereals,525,481.2663733333333,425.0,384.88645668867497,1.0,5000.0
Fruits,198,2582.5708383838382,330.0,30195.184923049612,0.0,425255.0
Vegetables,294,1422.8043175850341,400.0,17494.56240546542,28.35,300350.0
